{
	"info": {
		"_postman_id": "c3374cf2-0be7-4d25-b139-20dfa1157f83",
		"name": "IncidenciasConArchivos",
		"schema": "https://schema.getpostman.com/json/collection/v2.1.0/collection.json"
	},
	"item": [
		{
			"name": "01 Perfiles",
			"item": [
				{
					"name": "PerfilesGetById",
					"request": {
						"method": "GET",
						"header": [],
						"url": {
							"raw": "{{urlApi}}perfiles/1",
							"host": [
								"{{urlApi}}perfiles"
							],
							"path": [
								"1"
							]
						},
						"description": "Obtener un perfil dado su identificador"
					},
					"response": []
				},
				{
					"name": "PerfilesGet",
					"request": {
						"method": "GET",
						"header": [],
						"url": {
							"raw": "{{urlApi}}perfiles",
							"host": [
								"{{urlApi}}perfiles"
							]
						},
						"description": "Obtener una lista de perfiles"
					},
					"response": []
				},
				{
					"name": "PerfilesPost",
					"request": {
						"method": "POST",
						"header": [
							{
								"key": "Content-Type",
								"name": "Content-Type",
								"value": "application/json",
								"type": "text"
							}
						],
						"body": {
							"mode": "raw",
							"raw": "{\n\t\"id\":0,\n\t\"nombre\":\"Invitado\"\n}"
						},
						"url": {
							"raw": "{{urlApi}}perfiles",
							"host": [
								"{{urlApi}}perfiles"
							]
						}
					},
					"response": []
				},
				{
					"name": "PerfilesPut",
					"request": {
						"method": "PUT",
						"header": [
							{
								"key": "Content-Type",
								"name": "Content-Type",
								"value": "application/json",
								"type": "text"
							}
						],
						"body": {
							"mode": "raw",
							"raw": "{\n\t\"id\": 4,\n\t\"nombre\":\"modificado\"\n}"
						},
						"url": {
							"raw": "{{urlApi}}perfiles/4",
							"host": [
								"{{urlApi}}perfiles"
							],
							"path": [
								"4"
							]
						},
						"description": "Actualiza un Perfil"
					},
					"response": []
				},
				{
					"name": "PerfilesDelete",
					"request": {
						"method": "DELETE",
						"header": [],
						"url": {
							"raw": "{{urlApi}}perfiles/4",
							"host": [
								"{{urlApi}}perfiles"
							],
							"path": [
								"4"
							]
						},
						"description": "Elimina un Perfil"
					},
					"response": []
				}
			]
		},
		{
			"name": "02 Usuarios",
			"item": [
				{
					"name": "UsuarioById",
					"request": {
						"method": "GET",
						"header": [],
						"url": {
							"raw": "{{urlApi}}usuarios/6",
							"host": [
								"{{urlApi}}usuarios"
							],
							"path": [
								"6"
							]
						},
						"description": "Obtiene un usuario con base en su Identificador"
					},
					"response": []
				},
				{
					"name": "UsuariosGet",
					"request": {
						"method": "GET",
						"header": [],
						"url": {
							"raw": "{{urlApi}}usuarios",
							"host": [
								"{{urlApi}}usuarios"
							]
						},
						"description": "Obtiene todos los usuarios"
					},
					"response": []
				},
				{
					"name": "UsuariosPost",
					"request": {
						"method": "POST",
						"header": [
							{
								"key": "Content-Type",
								"name": "Content-Type",
								"type": "text",
								"value": "application/json"
							}
						],
						"body": {
							"mode": "raw",
							"raw": "{\n\t\"id\": 0,\n    \"nombre\": \"Carmen\",\n    \"apellidos\": \"Martinez\",\n    \"email\":\"carmen@correo.com\",\n    \"username\":\"carmen\",\n    \"password\":\"ury123\",\n    \"perfilId\":3\n}"
						},
						"url": {
							"raw": "{{urlApi}}usuarios",
							"host": [
								"{{urlApi}}usuarios"
							]
						},
						"description": "Agrega un usuario"
					},
					"response": []
				},
				{
					"name": "UsuariosPut",
					"request": {
						"method": "PUT",
						"header": [
							{
								"key": "Content-Type",
								"name": "Content-Type",
								"type": "text",
								"value": "application/json"
							}
						],
						"body": {
							"mode": "raw",
							"raw": "{\n\t\"id\": 1,\n    \"nombre\": \"Ingri\",\n    \"apellidos\": \"Rozo\",\n    \"email\":\"testIngri@correo.com\"\n}"
						},
						"url": {
							"raw": "{{urlApi}}usuarios/1",
							"host": [
								"{{urlApi}}usuarios"
							],
							"path": [
								"1"
							]
						},
						"description": "Actualiza un usuario, aunque en este método no se actualiza su contraseña."
					},
					"response": []
				},
				{
					"name": "UsuariosDelete",
					"request": {
						"method": "DELETE",
						"header": [],
						"url": {
							"raw": "{{urlApi}}usuarios/1",
							"host": [
								"{{urlApi}}usuarios"
							],
							"path": [
								"1"
							]
						},
						"description": "Eliminar un usuario"
					},
					"response": []
				},
				{
					"name": "UsuarioCambiarContrasena",
					"request": {
						"method": "POST",
						"header": [
							{
								"key": "Content-Type",
								"name": "Content-Type",
								"value": "application/json",
								"type": "text"
							}
						],
						"body": {
							"mode": "raw",
							"raw": "{\n    \"id\": 2,\n    \"username\": \"chile\",\n    \"password\": \"chile\"\n}"
						},
						"url": {
							"raw": "{{urlApi}}usuarios/cambiarcontrasena",
							"host": [
								"{{urlApi}}usuarios"
							],
							"path": [
								"cambiarcontrasena"
							]
						},
						"description": "Cambiar la contraseña del usuario"
					},
					"response": []
				},
				{
					"name": "UsuarioCambiarPerfil",
					"request": {
						"method": "POST",
						"header": [
							{
								"key": "Content-Type",
								"name": "Content-Type",
								"value": "application/json",
								"type": "text"
							}
						],
						"body": {
							"mode": "raw",
							"raw": "{\n    \"id\": 2,\n    \"perfilId\": 2\n}"
						},
						"url": {
							"raw": "{{urlApi}}usuarios/cambiarperfil",
							"host": [
								"{{urlApi}}usuarios"
							],
							"path": [
								"cambiarperfil"
							]
						},
						"description": "Cambia el perfil del usuario"
					},
					"response": []
				}
			]
		},
		{
			"name": "03 Proyectos",
			"item": [
				{
					"name": "ProyectosGet",
					"request": {
						"method": "GET",
						"header": [],
						"url": {
							"raw": "{{urlApi}}proyectos",
							"host": [
								"{{urlApi}}proyectos"
							]
						},
						"description": "Obtiene todas las órdenes"
					},
					"response": []
				},
				{
					"name": "ProyectosIncidenciasGet",
					"request": {
						"method": "GET",
						"header": [],
						"url": {
							"raw": "{{urlApi}}Proyectos/incidencias",
							"host": [
								"{{urlApi}}Proyectos"
							],
							"path": [
								"incidencias"
							]
						},
						"description": "Obtiene todos las órdenes con detalles"
					},
					"response": []
				},
				{
					"name": "ProyectosById",
					"request": {
						"method": "GET",
						"header": [],
						"url": {
							"raw": "{{urlApi}}proyectos/1",
							"host": [
								"{{urlApi}}proyectos"
							],
							"path": [
								"1"
							]
						},
						"description": "Obtiene una orden con base en su Identificador"
					},
					"response": []
				},
				{
					"name": "ProyectoConIncidenciasById",
					"request": {
						"method": "GET",
						"header": [],
						"url": {
							"raw": "{{urlApi}}proyectos/1/incidencias",
							"host": [
								"{{urlApi}}proyectos"
							],
							"path": [
								"1",
								"incidencias"
							]
						},
						"description": "Obtiene una orden con sus detalles con base en su Identificador"
					},
					"response": []
				},
				{
					"name": "ProyectosPost",
					"request": {
						"method": "POST",
						"header": [
							{
								"key": "Content-Type",
								"name": "Content-Type",
								"type": "text",
								"value": "application/json"
							}
						],
						"body": {
							"mode": "raw",
							"raw": "{\n        \"id\": 0,\n        \"nombre\": \"Fiesta\",        \n        \"incidencias\": [\n            {         \n                \"nombre\": \"test\",\n                \"descripcion\": \"descripcion\",\n                \"estatusIncidencia\": 1,\n                \"version\": 12\n            }\n        ],\n        \"usuariosProyectos\": [\n            {\n                \"usuarioId\": 1\n            }\n        ]\n}\n"
						},
						"url": {
							"raw": "{{urlApi}}proyectos",
							"host": [
								"{{urlApi}}proyectos"
							]
						},
						"description": "Agrega una orden"
					},
					"response": []
				},
				{
					"name": "ProyectosDelete",
					"request": {
						"method": "DELETE",
						"header": [],
						"url": {
							"raw": "{{urlApi}}Proyectos/8",
							"host": [
								"{{urlApi}}Proyectos"
							],
							"path": [
								"8"
							]
						},
						"description": "Eliminar una orden"
					},
					"response": []
				}
			]
		},
		{
			"name": "04 Incidencias",
			"item": [
				{
					"name": "IncidenciasGet",
					"request": {
						"method": "GET",
						"header": [],
						"url": {
							"raw": "{{urlApi}}Incidencias",
							"host": [
								"{{urlApi}}Incidencias"
							]
						},
						"description": "Obtiene todos los usuarios"
					},
					"response": []
				},
				{
					"name": "IncidenciasById",
					"request": {
						"method": "GET",
						"header": [],
						"url": {
							"raw": "{{urlApi}}Incidencias/2",
							"host": [
								"{{urlApi}}Incidencias"
							],
							"path": [
								"2"
							]
						},
						"description": "Obtiene un usuario con base en su Identificador"
					},
					"response": []
				},
				{
					"name": "IncidenciasPut",
					"request": {
						"method": "PUT",
						"header": [
							{
								"key": "Content-Type",
								"name": "Content-Type",
								"type": "text",
								"value": "application/json"
							}
						],
						"body": {
							"mode": "raw",
							"raw": "{\n    \"id\": 2,    \n    \"nombre\": \"Pantalla no Carga\",\n    \"descripcion\": \"La pantalla que carca la nomina genera error 500\",\n    \"estatusIncidencia\": 1,\n    \"version\": 2\n}"
						},
						"url": {
							"raw": "{{urlApi}}Incidencias/2",
							"host": [
								"{{urlApi}}Incidencias"
							],
							"path": [
								"2"
							]
						},
						"description": "Actualiza un usuario, aunque en este método no se actualiza su contraseña."
					},
					"response": []
				},
				{
					"name": "IncidenciasPost",
					"request": {
						"method": "POST",
						"header": [
							{
								"key": "Content-Type",
								"name": "Content-Type",
								"type": "text",
								"value": "application/json"
							}
						],
						"body": {
							"mode": "raw",
							"raw": "{\n    \"id\": 0,\n    \"proyectoId\": 2,\n    \"nombre\": \"Tabla en Bca\",\n    \"descripcion\": \"el plano no cumple con los datos del ministerio\",\n    \"estatusIncidencia\": 1,\n    \"version\": 2\n}"
						},
						"url": {
							"raw": "{{urlApi}}Incidencias",
							"host": [
								"{{urlApi}}Incidencias"
							]
						},
						"description": "Agrega un usuario"
					},
					"response": []
				},
				{
					"name": "IncidenciasDelete",
					"request": {
						"method": "DELETE",
						"header": [],
						"url": {
							"raw": "{{urlApi}}Incidencias/5",
							"host": [
								"{{urlApi}}Incidencias"
							],
							"path": [
								"5"
							]
						},
						"description": "Eliminar un usuario"
					},
					"response": []
				}
			]
		},
		{
			"name": "05 Archivos",
			"item": [
				{
					"name": "ArchivosPost",
					"request": {
						"method": "POST",
						"header": [
							{
								"key": "Content-Type",
								"name": "Content-Type",
								"type": "text",
								"value": "application/json"
							}
						],
						"body": {
							"mode": "raw",
							"raw": "{    \n    \"Extencion\": \"xml\",\n    \"URL\": \"C:/Users/57350/source/repos/CoreApi/Incidencias/Incidencias.WebApi/Resources/Archivos/data.xml\"\n}"
						},
						"url": {
							"raw": "{{urlApi}}Archivos",
							"host": [
								"{{urlApi}}Archivos"
							]
						},
						"description": "Agrega un usuario"
					},
					"response": []
				}
			]
		}
	],
	"event": [
		{
			"listen": "prerequest",
			"script": {
				"type": "text/javascript",
				"exec": [
					""
				]
			}
		},
		{
			"listen": "test",
			"script": {
				"type": "text/javascript",
				"exec": [
					""
				]
			}
		}
	],
	"variable": [
		{
			"key": "urlApi",
			"value": "https://localhost:44363/api/"
		}
	]
}